frequency_hz,normal_raw_power,inner_raw_power,outer_raw_power,normal_envelope_power,inner_envelope_power,outer_envelope_power
0.000000000,5.913037049e-07,2.195865210e-02,9.603516977e-03,1.744560029e-03,5.057637480e+00,2.989641091e+00
3.333159731,2.956200431e-07,1.272528524e-02,6.526350603e-03,9.295140412e-04,4.410937411e-01,1.454929046e+00
6.666319463,5.277062680e-14,1.386695977e-03,3.272308437e-03,5.524592701e-07,3.578641132e+00,1.410855179e-02
9.999479194,1.058886355e-13,9.208196929e-04,9.464717846e-03,7.353287797e-07,5.917760505e-01,1.536982400e-02
13.332638925,6.021737001e-13,7.620051849e-04,1.154246593e-03,8.867675078e-07,6.720416840e-01,5.498998919e-02
16.665798656,5.180743434e-12,1.281889209e-03,1.052945967e-02,9.183784815e-07,5.466900568e+00,3.357119840e-02
19.998958388,2.514350225e-10,1.057265707e-03,1.350731607e-02,8.011316256e-07,7.521334667e+02,9.267525715e-02
23.332118119,6.215585257e-09,1.002461045e-04,4.305575268e-03,1.311987558e-06,1.109054329e+04,1.967558774e-02
26.665277850,6.247268016e-09,2.272369580e-04,1.561112284e-02,2.033937164e-07,8.860378249e+03,3.711615569e-01
29.998437581,2.466328164e-10,1.270894660e-03,2.134543900e-02,3.939459301e-07,2.653205629e+02,2.912700907e-01
33.331597313,4.294990960e-12,1.240875238e-03,1.029479577e-03,1.821071358e-07,4.978430998e+00,3.013919594e+01
36.664757044,2.822071229e-13,7.658550108e-04,2.113026288e-03,1.102327557e-07,5.757155245e-01,5.826624155e+02
39.997916775,3.648862484e-15,1.079639038e-03,2.662081426e-03,7.507685588e-08,6.550854815e-01,5.075638021e+02
43.331076506,5.656686617e-14,1.433861873e-03,3.060854446e-03,5.934278888e-08,1.077668765e+01,1.607589652e+01
46.664236238,4.661787499e-13,2.906860960e-04,4.058735671e-02,7.594242855e-08,1.865566413e+03,1.625133414e-01
49.997395969,7.200646486e-12,9.921023108e-05,2.247132892e-02,6.711586301e-08,4.460301868e+03,3.180387170e-01
53.330555700,6.244612428e-12,9.748022874e-04,4.757249454e-03,9.988514391e-08,6.966424933e+02,2.761567377e-02
56.663715431,3.580338207e-12,1.578207009e-03,1.216717506e-02,3.163689524e-08,1.413992699e+00,5.097962051e-02
59.996875163,1.236170925e-11,1.006255569e-03,7.056676172e-03,2.451019104e-08,4.598870851e-02,6.955725297e-02
63.330034894,5.162804892e-11,9.303670994e-04,1.245861648e-03,2.489124253e-08,1.145631723e-01,5.509211543e-02
66.663194625,3.452826665e-10,1.609542174e-03,6.117411270e-03,2.449532974e-08,8.413662644e-01,1.838779348e-01
69.996354357,6.545194882e-09,6.941159164e-04,1.544970496e-03,1.122102621e-07,2.236878120e+02,6.605173666e+00
73.329514088,5.072771073e-06,9.169679268e-05,6.065454836e-03,1.461396707e-04,1.940174758e+03,4.699250102e+03
76.662673819,1.495858032e-05,8.229438148e-04,1.756972600e-02,4.154288295e-04,1.048485938e+03,1.384258450e+04
79.995833550,2.712217123e-06,1.665168820e-03,6.168534430e-03,7.934501148e-05,1.272341638e+01,2.507741419e+03
83.328993282,3.052417729e-09,1.432045557e-03,4.735325172e-03,1.692085853e-07,6.558263179e-01,3.214224263e+00
86.662153013,2.213514969e-10,9.931986918e-04,1.050439831e-02,3.582062957e-08,7.431340930e-02,1.107441944e-01
89.995312744,3.776762942e-11,1.545848986e-03,6.493728609e-04,1.970392272e-08,1.413505639e-01,5.508840095e-02
93.328472475,9.767570336e-12,1.442873335e-03,1.146117957e-02,1.415984744e-08,1.107939617e+01,5.481233107e-02
96.661632207,6.965496505e-12,1.061769415e-04,1.103013747e-02,1.913634171e-08,6.179930535e+02,3.058533714e-02
99.994791938,3.688596404e-11,1.816485800e-03,2.879338949e-03,2.755094856e-08,1.036544190e+03,2.486215785e-02
103.327951669,3.296315239e-11,1.979868462e-03,9.821046866e-03,3.355012384e-08,1.072725348e+02,1.796125858e-01
106.661111400,6.553932828e-13,1.867723167e-03,1.024340116e-02,3.145414404e-09,6.184162925e-01,3.209080601e-02
109.994271132,2.687199149e-13,1.252273194e-03,3.924476227e-04,1.113030145e-09,4.917755148e-03,4.319335394e+00
113.327430863,3.676715689e-13,1.391662370e-03,4.405539466e-03,7.446534576e-10,6.866106453e-02,5.193900976e+01
116.660590594,5.478258638e-13,2.263067500e-03,4.835061794e-03,7.280341080e-10,1.730050523e-02,3.434001264e+01
119.993750326,9.641315446e-13,8.027969794e-05,6.311578881e-03,1.035610209e-09,1.259817385e+02,7.343087861e-01
123.326910057,5.255200884e-12,3.339199553e-03,5.635715932e-02,3.397092401e-09,6.693272987e+02,4.759322416e-02
126.660069788,5.116818468e-11,3.566976450e-03,2.344051035e-02,1.649131538e-08,2.497688397e+02,9.207510807e-02
129.993229519,3.372526593e-11,2.396824712e-03,3.757433746e-03,5.950033219e-09,1.077433283e+00,1.973167591e-02
133.326389251,2.221737358e-11,1.692929653e-03,7.960130698e-03,6.324969536e-09,7.453632034e-02,2.800980386e-02
136.659548982,7.208527507e-11,1.312524739e-03,3.356191093e-03,7.707895349e-09,3.957409341e-02,5.048081014e-02
139.992708713,3.101115818e-10,2.459449068e-03,8.410934682e-04,1.051091295e-08,7.537032873e-02,6.313979147e-02
143.325868444,2.214668869e-09,1.050451194e-03,2.993547182e-03,1.808259418e-08,1.356392627e+01,1.639335934e-01
146.659028176,5.079148628e-08,3.299395312e-03,5.273862937e-04,1.713186644e-07,2.993446086e+02,6.981647855e+00
149.992187907,9.139399699e-06,8.779582394e-03,9.808920863e-02,3.151216743e-05,3.261929575e+02,1.168345433e+03
153.325347638,2.010450294e-05,4.152806276e-03,2.224474435e-01,6.801947396e-05,1.850794151e+01,2.566397207e+03
156.658507369,2.585435756e-06,2.477299432e-03,3.846689375e-02,9.345494861e-06,2.095057060e-01,3.289048148e+02
159.991667101,1.088763110e-08,1.521119549e-03,4.039299105e-03,6.568588451e-08,8.068932244e-03,1.619817072e+00
163.324826832,8.978607224e-10,2.027254961e-03,8.704333800e-03,1.186762590e-08,3.336293804e-02,5.691210327e-02
166.657986563,1.617222823e-10,2.792189423e-03,1.718851403e-04,5.239054314e-09,2.585591533e-01,2.280253481e-02
169.991146294,4.306712021e-11,1.020259128e-03,8.999243519e-03,3.876096419e-09,8.730950411e+01,6.436089267e-02
173.324306026,2.959439959e-11,1.481252794e-02,6.590452368e-03,8.354389136e-09,2.831646406e+02,2.509094291e-02
176.657465757,1.261948533e-10,8.194699558e-03,1.973932373e-03,1.035010789e-08,6.294100693e+01,3.490184165e-02
179.990625488,8.145957841e-11,3.282087139e-03,1.337399275e-02,1.266094156e-08,2.111336269e-02,1.698958465e-01
183.323785220,1.828770965e-12,2.201250609e-03,1.072286002e-02,1.504461595e-09,1.760931213e-03,5.174523503e-02
186.656944951,9.262019717e-13,1.713389624e-03,5.843819876e-04,8.624354708e-10,3.845565507e-02,3.305577631e+00
189.990104682,8.878443870e-13,3.579287140e-03,7.557207724e-03,5.662699192e-10,8.569520364e-02,2.785781999e+01
193.323264413,1.081663274e-12,9.193682741e-05,5.379444889e-03,4.267463709e-10,1.271366219e+01,1.382833732e+01
196.656424145,1.671572494e-12,1.705955400e-02,9.586457767e-03,4.109835595e-10,1.626887255e+02,1.628207228e-01
199.989583876,1.320284713e-11,2.026490223e-02,5.758221925e-02,1.545612156e-09,1.168166279e+02,1.048402054e-01
203.322743607,1.034363721e-10,5.315615393e-03,1.785893562e-02,6.241142966e-09,2.642942956e+00,4.629572320e-02
206.655903338,5.194217379e-11,3.030700873e-03,2.147693245e-03,1.811690124e-09,1.093231566e-01,1.927312884e-02
209.989063070,4.097383625e-11,2.026208846e-03,4.382220617e-03,1.256434943e-09,1.675684249e-02,2.926219965e-02
213.322222801,1.355059597e-10,3.052560561e-03,1.059563725e-03,1.869866421e-09,2.075204185e-02,3.689223034e-02
216.655382532,6.085787790e-10,2.485221752e-03,5.717941171e-04,3.211060010e-09,5.295673769e-01,5.419500575e-02
219.988542263,4.696507814e-09,1.013782910e-02,3.122834447e-03,7.474718634e-09,5.641537062e+01,1.321760718e-01
223.321701995,1.351373748e-07,4.036110242e-02,2.710876354e-03,1.022641635e-07,1.263502171e+02,6.669800914e+00
226.654861726,1.001799400e-05,1.229963794e-02,4.629498361e-01,7.571867171e-06,1.818012956e+01,4.683097074e+02
229.988021457,1.657278718e-05,3.333600995e-03,7.853798046e-01,1.235152801e-05,7.158927739e-02,7.731291000e+02
233.321181188,1.466504105e-06,2.645139225e-03,8.539524700e-02,1.228806778e-06,5.462233999e-03,6.782618073e+01
236.654340920,1.304267006e-08,2.468731616e-03,1.685743260e-03,2.117198479e-08,3.222159042e-02,7.420078077e-01
239.987500651,1.210012676e-09,4.904059394e-03,5.497955200e-03,5.024431691e-09,1.138653970e-02,2.206345274e-02
243.320660382,2.304510895e-10,1.191005346e-03,3.088288570e-05,2.457731980e-09,1.103702662e+01,8.065082044e-03
246.653820114,6.356717499e-11,5.253080898e-02,5.081149211e-03,1.771122471e-09,8.231121676e+01,6.421232811e-02
249.986979845,5.787399186e-11,3.730122079e-02,3.029386267e-03,4.953327111e-09,4.163111158e+01,1.859917006e-02
253.320139576,2.286569335e-10,5.888018141e-03,3.356485692e-03,4.597403505e-09,4.647180887e-01,3.773367226e-02
256.653299307,1.106521565e-10,3.283731285e-03,2.839880242e-02,6.032188284e-09,3.319090835e-02,1.394799443e-01
259.986459039,2.499309892e-12,2.463031134e-03,1.706592182e-02,7.186633976e-10,1.328430867e-02,7.405338212e-02
263.319618770,1.517034104e-12,4.632097821e-03,9.928850042e-04,5.215519515e-10,1.373115451e-02,3.285286629e+00
266.652778501,1.305004562e-12,1.189482330e-03,7.870787525e-03,3.879354346e-10,1.091238522e+00,2.010855458e+01
269.985938232,1.429968957e-12,3.704075153e-02,3.569307476e-03,3.070837785e-10,3.495914523e+01,7.454068925e+00
273.319097964,1.999516480e-12,8.025533034e-02,1.038765919e-02,2.723747229e-10,5.048507667e+01,3.705565370e-02
276.652257695,2.021280901e-11,1.680309112e-02,4.337325519e-02,1.051049648e-09,4.514168839e+00,1.389389311e-01
279.985417426,1.239190521e-10,3.819166966e-03,9.925863913e-03,4.111182354e-09,4.131945824e-02,2.730485225e-02
283.318577157,4.779770019e-11,2.916606087e-03,1.416497161e-03,8.618541727e-10,3.048794487e-03,2.162674683e-02
286.651736889,4.616841072e-11,3.317315640e-03,4.612361909e-03,3.602888035e-10,2.043910022e-02,3.242596256e-02
289.984896620,1.551652739e-10,5.428851785e-03,2.343118316e-04,5.530708675e-10,3.387077441e-02,2.626932594e-02
293.318056351,7.247407642e-10,1.118049207e-02,1.387321340e-03,9.654917214e-10,9.282212197e+00,5.264927925e-02
296.651216082,6.062765018e-09,1.098468149e-01,7.348577130e-03,2.368987107e-09,3.969589111e+01,1.290966573e-01
299.984375814,2.285385393e-07,5.213703855e-02,1.877003495e-02,5.261643091e-08,1.226314721e+01,7.913932797e+00
303.317535545,8.804061182e-06,6.638455087e-03,1.134913441e+00,2.264546435e-06,2.605251969e-02,2.946636107e+02
306.650695276,1.100889437e-05,4.047543793e-03,1.446604944e+00,2.803456764e-06,6.415035121e-03,3.674275465e+02
309.983855008,6.424745642e-07,2.778451012e-03,1.000281939e-01,2.015980668e-07,4.862709195e-03,2.102919549e+01
313.317014739,9.543129947e-09,6.368153386e-03,1.595004787e-04,6.295724016e-09,2.747341761e-02,4.384933036e-01
316.650174470,9.816332575e-10,2.023497017e-04,2.795126962e-03,1.773568279e-09,1.194654584e+00,6.545757223e-03
319.983334201,1.959277984e-10,9.545919626e-02,2.445282457e-04,1.063323896e-09,2.034474720e+01,2.794040500e-03
323.316493933,5.533192413e-11,1.188360836e-01,3.323324217e-03,9.139573996e-10,1.931060774e+01,5.802249766e-02
326.649653664,8.230747867e-11,1.690570614e-02,2.012731769e-03,3.385750129e-09,7.689916126e-01,1.153153298e-02
329.982813395,2.947430548e-10,4.446062717e-03,7.554988962e-03,2.009052020e-09,4.138628054e-02,3.322840440e-02
333.315973126,1.075032425e-10,3.371868142e-03,4.742138711e-02,3.357066890e-09,3.363373082e-03,1.095020831e-01
336.649132858,2.135921614e-12,4.390848127e-03,2.117014723e-02,4.687078869e-10,5.539337772e-03,5.979366169e-02
339.982292589,1.401249838e-12,4.501473871e-03,1.219627800e-03,3.593596930e-10,6.404434821e-02,3.219697627e+00
343.315452320,1.174736407e-12,4.433706028e-02,5.428589898e-03,2.743242478e-10,5.859072432e+00,1.431172914e+01
346.648612051,1.264774942e-12,1.918699032e-01,1.461817426e-03,2.186619837e-10,1.764950315e+01,3.909960442e+00
349.981771783,1.747932773e-12,5.583429873e-02,7.967052046e-03,1.837448989e-10,3.752079920e+00,4.876289242e-02
353.314931514,2.059260186e-11,5.628884098e-03,2.389468265e-02,8.025239436e-10,6.699693275e-03,1.439184030e-01
356.648091245,9.217383003e-11,4.476564636e-03,4.309771225e-03,3.006128167e-09,7.247641571e-03,2.128131057e-02
359.981250977,2.938663266e-11,3.320574839e-03,2.731072087e-03,4.332944239e-10,5.823281984e-03,2.409314261e-02
363.314410708,3.502773428e-11,7.899818924e-03,8.741998903e-03,1.090900237e-10,5.935684413e-03,3.250579182e-02
366.647570439,1.184689640e-10,5.159591896e-03,9.755344381e-05,2.650926975e-10,9.269300243e-01,1.717846769e-02
369.980730170,5.726894189e-10,1.952159280e-01,3.697781542e-03,7.382187045e-10,9.453910334e+00,6.364633216e-02
373.313889902,5.210042369e-09,1.552504296e-01,1.239651248e-02,3.705104222e-09,6.812810420e+00,1.448033621e-01
376.647049633,2.734996684e-07,1.355656474e-02,5.543969950e-02,1.795404457e-07,2.087744233e-01,1.245795927e+01
379.980209364,6.207409900e-06,4.222695703e-03,1.673379036e+00,4.393712708e-06,1.049767445e-02,2.763654674e+02
383.313369095,5.880696088e-06,3.464043429e-03,1.607806544e+00,4.133546938e-06,7.468899615e-03,2.610117129e+02
386.646528827,2.128533424e-07,5.956100255e-03,6.754584218e-02,1.731617343e-07,8.161751356e-03,9.074924279e+00
389.979688558,4.637675390e-09,1.998014351e-03,1.099469962e-03,5.785551401e-09,8.820992030e-02,3.455488907e-01
393.312848289,5.204466755e-10,1.087617745e-01,1.894833450e-03,1.137031949e-09,3.198147621e+00,1.556544892e-03
396.646008020,1.072889914e-10,2.799020505e-01,9.532222500e-04,5.218713007e-10,6.428549813e+00,9.007768923e-04
399.979167752,3.033521720e-11,5.556596256e-02,5.855050929e-03,4.499288021e-10,1.056480455e+00,4.784485008e-02
403.312327483,9.086336665e-11,4.720388819e-03,3.164018189e-03,2.263324867e-09,3.252216944e-03,6.607075779e-03
406.645487214,2.924970840e-10,4.298979696e-03,1.278476593e-02,9.975663293e-10,2.445973697e-03,2.474654252e-02
409.978646945,7.457937897e-11,3.934710381e-03,5.761188349e-02,1.850897626e-09,1.362287171e-02,9.838832267e-02
413.311806677,1.019973625e-12,8.173915870e-03,1.910804118e-02,3.569215629e-10,2.356945573e-02,2.329362920e-02
416.644966408,5.607140619e-13,2.691774161e-02,1.216596600e-03,2.674178595e-10,8.286734798e-01,3.189342793e+00
419.978126139,4.053115711e-13,3.114906994e-01,3.530990442e-03,1.957513714e-10,4.372407531e+00,1.029555345e+01
423.311285871,4.196802568e-13,1.686709299e-01,4.211880756e-04,1.425795218e-10,2.032116482e+00,2.026730988e+00
426.644445602,6.213107696e-13,1.139871767e-02,6.086342122e-03,1.020812542e-10,4.350975348e-02,9.649582254e-02
429.977605333,1.013861986e-11,4.500344246e-03,1.266374069e-02,7.161845003e-10,2.321700622e-03,1.315019476e-01
433.310765064,3.107332723e-11,3.358325218e-03,2.831603455e-03,2.025100363e-09,1.832419682e-03,1.908924613e-02
436.643924796,9.495183068e-12,7.851765538e-03,5.921034900e-03,3.779837972e-10,3.013319735e-02,2.468139964e-02
439.977084527,1.482154914e-11,7.554102269e-04,1.354810225e-02,1.513633015e-10,2.038308548e-01,2.827087774e-02
443.310244258,5.210888084e-11,2.191075705e-01,6.041709257e-05,6.712539259e-10,2.386814548e+00,8.657549618e-03
446.643403989,2.680382501e-10,3.312581729e-01,6.765338593e-03,2.681779533e-09,2.875082266e+00,7.541755212e-02
449.976563721,2.713902371e-09,4.418152854e-02,1.317204190e-02,1.828878556e-08,2.570268539e-01,1.342862281e-01
453.309723452,2.195223193e-07,4.798492496e-03,7.818565941e-02,1.237777053e-06,1.325930512e-02,1.948946541e+01
456.642883183,3.177887247e-06,4.450032920e-03,1.409370566e+00,1.795092445e-05,7.212687491e-03,2.765556475e+02
459.976042914,2.278644256e-06,4.598904276e-03,1.020394930e+00,1.291033435e-05,6.406100577e-03,1.977581491e+02
463.309202646,4.669194357e-08,6.671614019e-03,2.394237002e-02,2.962826438e-07,6.790447681e-02,3.727798660e+00
466.642362377,1.389817329e-09,8.100896673e-02,3.945542541e-03,1.451190888e-08,1.195893851e+00,2.598465439e-01
469.975522108,1.722450716e-10,4.420797387e-01,2.568826036e-03,3.694036833e-09,3.563626486e+00,7.403979332e-04
473.308681839,3.815000011e-11,1.482260081e-01,2.548810428e-03,1.629187299e-09,9.902464425e-01,4.295654173e-04
476.641841571,1.191015186e-11,7.419703451e-03,1.124018927e-02,1.022077261e-09,4.941956983e-03,3.866787066e-02
479.975001302,7.496266355e-11,5.115851016e-03,4.784410117e-03,3.403321234e-09,1.438296668e-02,5.285956597e-03
483.308161033,2.184007412e-10,3.481098795e-03,1.563131508e-02,2.900748263e-09,1.555022496e-02,2.231634018e-02
486.641320765,3.376353680e-11,8.500854609e-03,5.148175901e-02,2.946597432e-09,1.849473159e-02,1.072497549e-01
489.974480496,5.556033958e-13,7.323100600e-03,1.283501787e-02,5.600375310e-10,3.267838413e-01,3.189699055e-03
493.307640227,3.577865645e-13,3.651370583e-01,1.531009753e-03,4.913123518e-10,3.521146619e+00,2.749377375e+00
496.640799958,2.586710171e-13,3.579385664e-01,4.806321869e-03,5.053346916e-10,2.690359568e+00,6.512444064e+00
499.973959690,1.732941151e-13,2.777919587e-02,2.010601413e-04,5.947255545e-10,1.484434180e-01,9.009841315e-01
