run_id,class,split,initial_ball_angle_rad,n_signal_samples,n_windows,signal_rms
normal_train_r00,normal,train,0.6936996648998708,3841,2,27.893878936767578
normal_val_r00,normal,val,2.072558136816122,3841,2,28.05628776550293
normal_test_r00,normal,test,1.6753395421882675,3841,2,27.67860221862793
inner_train_r00,inner,train,4.0370131448755515,3841,2,243.03677368164062
inner_val_r00,inner,val,4.477446539544028,3841,2,192.0662078857422
inner_test_r00,inner,test,4.278725195331204,3841,2,241.72573852539062
outer_train_r00,outer,train,2.295266889309995,3841,2,350.4008483886719
outer_val_r00,outer,val,0.9854930709362479,3841,2,339.1794128417969
outer_test_r00,outer,test,0.6295242221794156,3841,2,397.1114807128906
