time_s,raw_acceleration_mps2,highpass_mps2,lowpass_mps2
0.087609375,-79.79013946925888,-75.25834968380504,-4.531789717928579
0.08762500000000001,-62.354461048782476,-57.735458392473824,-4.619002590221394
0.087640625,-41.27605127654204,-36.57650678373175,-4.699544428378347
0.08765625,-17.431563368508826,-12.658521053941826,-4.773042252011906
0.087671875,8.244000528818892,13.083128235811039,-4.839127646539352
0.0876875,34.69164522215441,39.58908251886058,-4.897437238584558
0.087703125,60.74796186509524,65.69557511770417,-4.947613197050458
0.08771875,85.19383962420311,90.18314345720114,-4.9893037802372255
0.087734375,106.81995507241008,111.84211907105144,-5.022163948914869
0.08775000000000001,124.50127269273553,129.54712880312593,-5.045856063936409
0.087765625,137.27291190955322,142.33296263730958,-5.060050684814169
0.08778125,144.39952242599685,149.46394994791868,-5.064427482731186
0.087796875,145.43072847308594,150.48940478610015,-5.058676277814948
0.0878125,140.2365094914461,145.2790077287047,-5.042498206289856
0.087828125,129.0185240909363,134.0341311359429,-5.01560701850637
0.08784375,112.29609837880331,117.27382890459947,-4.977730504000447
0.087859375,90.86850333564705,95.79711538736674,-4.928612034862085
0.08787500000000001,65.75780585699322,70.62581808266872,-4.868012213986349
0.087890625,38.13859837974274,42.934308996474336,-4.795710610437415
0.08790625,9.262007181804952,13.973514742835178,-4.711507560352945
0.087921875,-19.618577063157268,-15.00335105960913,-4.61522600870443
0.0879375,-47.31356269281992,-42.80684933909174,-4.506713364928629
0.08795312500000001,-72.75028631979986,-68.36444299320995,-4.3858433440383875
0.08796875,-95.01070640934888,-90.75818866889105,-4.252517764350651
0.087984375,-113.35347337136137,-109.24680512844861,-4.106668273437886
0.088,-127.22221472603248,-123.2739567880883,-3.9482579752805544
0.088015625,-136.2433117794373,-132.46602888995199,-3.7772829338019625
0.08803125,-140.21710643147514,-136.62333295202876,-3.5937735309016166
0.088046875,-139.10627746015817,-135.7084818582553,-3.3977956606435553
0.0880625,-133.02393677303547,-129.834485093939,-3.189451745257287
0.08807812500000001,-122.22069988601915,-119.25181839680798,-2.9688815629136553
0.08809375,-107.04369647764123,-104.30743367731151,-2.7362628816815735
0.088109375,-87.81531079377221,-85.32349898437857,-2.4918118984878976
0.088125,-65.41446472877375,-63.17868133955936,-2.23578348612865
0.088140625,-40.82708453203072,-38.85861338156652,-1.9684712552598131
0.08815625,-14.987823336007873,-13.29761600704255,-1.690207441686663
0.088171875,11.110045577862754,12.511408089235644,-1.401362632046553
0.0881875,36.43527420212808,37.5376194165337,-1.1023453430396704
0.08820312500000001,59.96208786910159,60.75568920315126,-0.7936014706329408
0.08821875,80.87623381890994,81.3518473005118,-0.4756136261032782
0.088234375,98.69417124428001,98.84307146730225,-0.14890037538999473
0.08825,112.64611407592388,112.46012931278014,0.18598460298262123
0.088265625,122.21970159160985,121.69124799563298,0.5284534281173764
0.08828125,127.12411996795758,126.24623480808118,0.8778849844359952
0.088296875,127.30069566320451,126.06706954091908,1.2336259394047004
0.0883125,122.93341268831493,121.33842069065871,1.5949918074994167
0.08832812500000001,114.49481904995842,112.53355079214364,1.9612680605703354
0.08834375,102.68669482999677,100.35498333700622,2.3317112888714697
0.088359375,87.54408683332444,84.83853620144166,2.705550421127126
0.088375,69.73647215399778,66.65448392090086,3.0819880159681285
0.088390625,50.02812446576154,46.5679226017972,3.4602016407515874
0.08840625,-17.080372913326478,-20.91971849936057,3.8393453570525944
0.088421875,-105.96307149150657,-110.18162306074399,4.218551334828615
0.0884375,-175.8911931377146,-180.48812499631424,4.596931619131328
0.08845312500000001,-221.66453632381098,-226.6381166417597,4.973580073815189
0.08846875,-231.62065828043032,-236.96823305424923,5.347574525440987
0.088484375,-228.13815817332542,-233.8561375527038,5.717979127203514
0.0885,-220.23004794593322,-226.3138951588186,6.08384695738731
0.088515625,-208.07676024141756,-214.52098335986395,6.4442228601252545
0.08853125,-191.87668451656083,-198.67483130595082,6.7981465287718805
0.088546875,-171.84905207796416,-178.99370816488243,7.144655824555127
0.0885625,-148.2450682924434,-155.72785887166214,7.482790315687933
0.08857812500000001,-121.36441219820678,-129.17600747731873,7.811595015015741
0.08859375,-91.57333521810158,-99.70345976983327,8.130124287696884
0.088609375,-59.32072525292876,-67.75817141074126,8.437445894489713
0.088625,-25.14927208049705,-33.881917473506434,8.732645131072372
0.088640625,10.300183733236954,1.2853544538246808,9.014829019557176
0.08865625,46.29218424088935,37.00905347875637,9.28313050507746
0.088671875,82.00844167903396,72.47172881741534,9.536712608100952
0.0886875,116.56767064499671,106.79289791375265,9.774772482022108
0.08870312500000001,149.0527244566386,139.0561788868416,9.996545325647002
0.08871875,178.54378149263746,168.3424731529286,10.201308101424374
0.088734375,204.15583504337607,193.76745179908218,10.388383012684391
0.08875,225.07830369958614,214.52116277879287,10.557140696682948
0.088765625,240.6142495308748,229.90724622025635,10.707003094844397
0.08878125,250.21652239251773,239.3790762187788,10.837445967150105
0.088796875,253.51818563006924,242.57018440951796,10.94800102400637
0.0888125,250.354846792432,239.316588950809,11.038257655989018
0.08882812500000001,240.77701568945935,229.66915126618247,11.107864249427212
0.08884375,225.0513105076865,213.89478126283706,11.15652908366196
0.088859375,203.6501719593241,192.4661509978891,11.184020813790028
0.088875,177.2306451988561,166.04047651506323,11.190168550571256
0.088890625,146.6036577642177,135.4287960895711,11.174861556727482
0.08890625,112.69596843524958,101.55791974761351,11.138048585894706
0.088921875,76.50750943203313,65.42777245051667,11.079736896821874
0.0889375,39.06713905593414,28.067148008270834,10.999990980875895
0.08895312500000001,1.3898393654283634,-9.509091727978685,10.898931045376138
0.08896875,-35.56186008348454,-46.33859141055791,10.776731298634706
0.088984375,-70.90994262041302,-81.54356071318597,10.633618084746217
0.089,-103.88483297721193,-114.35470088113638,10.469867917110532
0.089015625,-133.84036300392938,-144.12616842812596,10.285805459374995
0.08903125,-160.2597559395221,-170.34155738256766,10.08180150097163
0.089046875,-182.75335812536653,-192.61162901571512,9.858270971750782
0.0890625,-201.04944286833538,-210.66511379921113,9.61567103645258
0.08907812500000001,-214.9798010701656,-224.33430024475783,9.35449930500981
0.08909375,-224.4620291939516,-233.53732122711872,9.075292189055997
0.089109375,-229.48051249503504,-238.259135741733,8.77862342865023
0.089125,-230.06818572065873,-238.53328831835643,8.465102806264227
0.089140625,-226.29125508111255,-234.42662990307787,8.135375057652642
0.08915625,-218.23903945573744,-226.029158173963,7.790118981493058
0.089171875,-206.02067520596486,-213.45072165649523,7.430046741787252
0.0891875,-189.7694550097776,-196.82535803928417,7.055903349108974
0.08920312500000001,-169.65416635870065,-176.32263230946543,6.668466299012926
0.08921875,-145.89539293496665,-152.16393789626008,6.268545338428695
0.089234375,-118.78381559568665,-124.64079751327716,5.8569823237926455
0.08925,-88.6973165302273,-94.13196722299837,5.434651128155308
0.089265625,-56.11404336687048,-61.11650045092721,5.002457548671034
0.08928125,-21.61926053772772,-26.180599204756682,4.561339160851403
0.089296875,14.095432900857523,9.98316836193844,4.112265061855096
0.0893125,50.2412251777917,46.5849902876798,3.6562354419918903
0.08932812500000001,85.94960518064748,82.75532483960589,3.1942809216184376
0.08934375,120.57533762454095,117.84787664372777,2.7274615897597725
0.089359375,165.24745113234178,162.9905860881055,2.2568656811433705
0.089375,249.61156830026528,247.82796113472529,1.7836078299139173
0.089390625,358.2895930050218,356.9807668550956,1.308826841187143
0.08940625,492.99968438982137,492.1660021812612,0.8336829260400661
0.089421875,658.3399580231035,657.9806044140231,0.3593543520211263
0.0894375,843.7187971828732,843.8317644798811,-0.11296652945602396
0.08945312500000001,1005.792825486378,1006.3749041821181,-0.5820779045198058
0.08946875,1076.7748376756947,1077.8216122648173,-1.0467737752705086
0.089484375,945.0003490036197,946.5061997199035,-1.5058498809318108
0.0895,649.8367056507814,651.7948167264534,-1.9581102200479201
0.089515625,310.09060723370914,312.49298220962567,-2.40237410134514
0.08953125,3.915779265834251,6.753263777819711,-2.8374836198888596
0.089546875,-221.8300678436006,-218.56775550767054,-3.2623114278276564
0.0895625,-369.6139916904843,-365.9382221191929,-3.6757686488001133
0.08957812500000001,-452.3979480417335,-448.32113433274947,-4.076812773817926
0.08959375,-483.5742071789589,-479.1097508589063,-4.464455374022521
0.089609375,-501.58771573277653,-496.7499453071462,-4.83776947064332
0.089625,-516.3727913345338,-511.1768939598812,-5.195896412710119
0.089640625,-528.3829706033981,-522.8449175099419,-5.538052126654229
0.08965625,-541.0769944202718,-535.21346083337,-5.863532617427723
0.089671875,-553.8675050117566,-547.6957854245798,-6.171718617308902
0.0896875,-563.845438311735,-557.3833580481084,-6.46207929573069
0.08970312500000001,-571.4211153854365,-564.686939460856,-6.734174961108725
0.08971875,-572.4125219714126,-565.4248623112019,-6.987658703697986
0.089734375,-565.8992863543799,-558.6770084605164,-7.222276946924601
0.08975,-554.4078470440675,-546.969977216047,-7.437868893346774
0.089765625,-539.6203261372387,-531.9859603473228,-7.6343648702719
0.08978125,-521.0067990766843,-513.1950145759729,-7.811783598930102
0.089796875,-500.13743727197937,-492.16720796116357,-7.970228429795151
0.0898125,-480.9429824009,-472.83309893861417,-8.109882604983412
0.08982812500000001,-458.9944572277514,-450.76345277066616,-8.231003626513463
0.08984375,-422.06681284748737,-413.7328952202369,-8.33391682647169
0.089859375,-368.3065826262901,-359.8875736066908,-8.419008251719852
0.089875,-270.6034756917478,-262.1167579683307,-8.486716991581318
0.089890625,-140.75837538192897,-132.22084759760858,-8.537527091704641
0.08990625000000001,13.478090450601703,22.05005031134408,-8.571959210548062
0.089921875,196.95299686139356,205.54355965185573,-8.590562185909299
0.0899375,399.02467194086563,407.6185771832394,-8.593904686693458
0.08995312500000001,602.6596149398731,611.2421825721068,-8.582567128660981
0.08996875,792.1425977887311,800.699732268264,-8.557134031298848
0.089984375,952.2325047835734,960.7506921587213,-8.518186985470532
0.09,1069.037676429302,1077.5039751449092,-8.4662983876841
0.090015625,1132.2687214032312,1140.6707477428808,-8.402026076649733
0.09003125000000001,1136.2029414186093,1144.528850595292,-8.325908981736177
0.090046875,1080.405639672694,1088.6441036584188,-8.23846386191515
0.0900625,969.7755631992158,977.9157464280156,-8.140183179153802
0.090078125,813.9003803469506,821.931914433111,-8.031534113638386
0.09009375,625.8426692056901,633.7556277897231,-7.912958691519282
0.090109375,420.5832596581206,428.36813442873154,-7.784874960903749
0.090125,213.41083406184902,221.05851290633643,-7.647679120289051
0.090140625,18.581998568965894,26.083746681999344,-7.501748476939395
0.09015625000000001,-151.23726033776262,-143.88981570036293,-7.3474450918885
0.090171875,-281.27492971870845,-274.08981031226926,-7.18511995386203
0.0901875,-377.8065574344656,-370.791440560486,-7.015117516549478
0.090203125,-445.6182547330877,-438.7804750409222,-6.8377804319465865
0.09021875,-477.57761934270167,-470.9241658654059,-6.653454316192043
0.090234375,-496.8471646111819,-490.38467315847714,-6.4624923924500095
0.09025,-509.1893132615265,-502.92405443679735,-6.265259866876106
0.090265625,-519.0029200607947,-512.940783299162,-6.062137907542174
